{"assets/diamond.png":["assets/diamond.png","assets/2.0x/diamond.png","assets/3.0x/diamond.png"],"packages/cupertino_icons/assets/CupertinoIcons.ttf":["packages/cupertino_icons/assets/CupertinoIcons.ttf"],"packages/shrine_images/0-0.jpg":["packages/shrine_images/0-0.jpg","packages/shrine_images/2.0x/0-0.jpg","packages/shrine_images/3.0x/0-0.jpg"],"packages/shrine_images/1-0.jpg":["packages/shrine_images/1-0.jpg","packages/shrine_images/2.0x/1-0.jpg","packages/shrine_images/3.0x/1-0.jpg"],"packages/shrine_images/10-0.jpg":["packages/shrine_images/10-0.jpg","packages/shrine_images/2.0x/10-0.jpg","packages/shrine_images/3.0x/10-0.jpg"],"packages/shrine_images/11-0.jpg":["packages/shrine_images/11-0.jpg","packages/shrine_images/2.0x/11-0.jpg","packages/shrine_images/3.0x/11-0.jpg"],"packages/shrine_images/12-0.jpg":["packages/shrine_images/12-0.jpg","packages/shrine_images/2.0x/12-0.jpg","packages/shrine_images/3.0x/12-0.jpg"],"packages/shrine_images/13-0.jpg":["packages/shrine_images/13-0.jpg","packages/shrine_images/2.0x/13-0.jpg","packages/shrine_images/3.0x/13-0.jpg"],"packages/shrine_images/14-0.jpg":["packages/shrine_images/14-0.jpg","packages/shrine_images/2.0x/14-0.jpg","packages/shrine_images/3.0x/14-0.jpg"],"packages/shrine_images/15-0.jpg":["packages/shrine_images/15-0.jpg","packages/shrine_images/2.0x/15-0.jpg","packages/shrine_images/3.0x/15-0.jpg"],"packages/shrine_images/16-0.jpg":["packages/shrine_images/16-0.jpg","packages/shrine_images/2.0x/16-0.jpg","packages/shrine_images/3.0x/16-0.jpg"],"packages/shrine_images/17-0.jpg":["packages/shrine_images/17-0.jpg","packages/shrine_images/2.0x/17-0.jpg","packages/shrine_images/3.0x/17-0.jpg"],"packages/shrine_images/18-0.jpg":["packages/shrine_images/18-0.jpg","packages/shrine_images/2.0x/18-0.jpg","packages/shrine_images/3.0x/18-0.jpg"],"packages/shrine_images/19-0.jpg":["packages/shrine_images/19-0.jpg","packages/shrine_images/2.0x/19-0.jpg","packages/shrine_images/3.0x/19-0.jpg"],"packages/shrine_images/2-0.jpg":["packages/shrine_images/2-0.jpg","packages/shrine_images/2.0x/2-0.jpg","packages/shrine_images/3.0x/2-0.jpg"],"packages/shrine_images/20-0.jpg":["packages/shrine_images/20-0.jpg","packages/shrine_images/2.0x/20-0.jpg","packages/shrine_images/3.0x/20-0.jpg"],"packages/shrine_images/21-0.jpg":["packages/shrine_images/21-0.jpg","packages/shrine_images/2.0x/21-0.jpg","packages/shrine_images/3.0x/21-0.jpg"],"packages/shrine_images/22-0.jpg":["packages/shrine_images/22-0.jpg","packages/shrine_images/2.0x/22-0.jpg","packages/shrine_images/3.0x/22-0.jpg"],"packages/shrine_images/23-0.jpg":["packages/shrine_images/23-0.jpg","packages/shrine_images/2.0x/23-0.jpg","packages/shrine_images/3.0x/23-0.jpg"],"packages/shrine_images/24-0.jpg":["packages/shrine_images/24-0.jpg","packages/shrine_images/2.0x/24-0.jpg","packages/shrine_images/3.0x/24-0.jpg"],"packages/shrine_images/25-0.jpg":["packages/shrine_images/25-0.jpg","packages/shrine_images/2.0x/25-0.jpg","packages/shrine_images/3.0x/25-0.jpg"],"packages/shrine_images/26-0.jpg":["packages/shrine_images/26-0.jpg","packages/shrine_images/2.0x/26-0.jpg","packages/shrine_images/3.0x/26-0.jpg"],"packages/shrine_images/27-0.jpg":["packages/shrine_images/27-0.jpg","packages/shrine_images/2.0x/27-0.jpg","packages/shrine_images/3.0x/27-0.jpg"],"packages/shrine_images/28-0.jpg":["packages/shrine_images/28-0.jpg","packages/shrine_images/2.0x/28-0.jpg","packages/shrine_images/3.0x/28-0.jpg"],"packages/shrine_images/29-0.jpg":["packages/shrine_images/29-0.jpg","packages/shrine_images/2.0x/29-0.jpg","packages/shrine_images/3.0x/29-0.jpg"],"packages/shrine_images/3-0.jpg":["packages/shrine_images/3-0.jpg","packages/shrine_images/2.0x/3-0.jpg","packages/shrine_images/3.0x/3-0.jpg"],"packages/shrine_images/30-0.jpg":["packages/shrine_images/30-0.jpg","packages/shrine_images/2.0x/30-0.jpg","packages/shrine_images/3.0x/30-0.jpg"],"packages/shrine_images/31-0.jpg":["packages/shrine_images/31-0.jpg","packages/shrine_images/2.0x/31-0.jpg","packages/shrine_images/3.0x/31-0.jpg"],"packages/shrine_images/32-0.jpg":["packages/shrine_images/32-0.jpg","packages/shrine_images/2.0x/32-0.jpg","packages/shrine_images/3.0x/32-0.jpg"],"packages/shrine_images/33-0.jpg":["packages/shrine_images/33-0.jpg","packages/shrine_images/2.0x/33-0.jpg","packages/shrine_images/3.0x/33-0.jpg"],"packages/shrine_images/34-0.jpg":["packages/shrine_images/34-0.jpg","packages/shrine_images/2.0x/34-0.jpg","packages/shrine_images/3.0x/34-0.jpg"],"packages/shrine_images/35-0.jpg":["packages/shrine_images/35-0.jpg","packages/shrine_images/2.0x/35-0.jpg","packages/shrine_images/3.0x/35-0.jpg"],"packages/shrine_images/36-0.jpg":["packages/shrine_images/36-0.jpg","packages/shrine_images/2.0x/36-0.jpg","packages/shrine_images/3.0x/36-0.jpg"],"packages/shrine_images/37-0.jpg":["packages/shrine_images/37-0.jpg","packages/shrine_images/2.0x/37-0.jpg","packages/shrine_images/3.0x/37-0.jpg"],"packages/shrine_images/4-0.jpg":["packages/shrine_images/4-0.jpg","packages/shrine_images/2.0x/4-0.jpg","packages/shrine_images/3.0x/4-0.jpg"],"packages/shrine_images/5-0.jpg":["packages/shrine_images/5-0.jpg","packages/shrine_images/2.0x/5-0.jpg","packages/shrine_images/3.0x/5-0.jpg"],"packages/shrine_images/6-0.jpg":["packages/shrine_images/6-0.jpg","packages/shrine_images/2.0x/6-0.jpg","packages/shrine_images/3.0x/6-0.jpg"],"packages/shrine_images/7-0.jpg":["packages/shrine_images/7-0.jpg","packages/shrine_images/2.0x/7-0.jpg","packages/shrine_images/3.0x/7-0.jpg"],"packages/shrine_images/8-0.jpg":["packages/shrine_images/8-0.jpg","packages/shrine_images/2.0x/8-0.jpg","packages/shrine_images/3.0x/8-0.jpg"],"packages/shrine_images/9-0.jpg":["packages/shrine_images/9-0.jpg","packages/shrine_images/2.0x/9-0.jpg","packages/shrine_images/3.0x/9-0.jpg"]}